zone,group,base_accessibility,adjusted_accessibility
0,1,0.8000000001428571,0.8
0,2,0.7200000002,0.7296792
0,3,0.6500000002499999,0.6646486
