zone_id,x_coord,y_coord,geometry,pop,pop_ratio_1,pop_ratio_2,pop_ratio_3,agency_id
0,-77.318352,38.860528,POINT (-77.318352 38.860528),1000,0.333333333,0.333333333,0.333333333,1
