[pop_group],group_id,group_name,annual_income,hourly_salary,value_of_time
,4,minc>100k,150000.0,72.11538461538461,36.05769230769231
,3,minc50k_100k,75000.0,36.05769230769231,18.028846153846153
,2,minc25k_50k,37500.0,18.028846153846153,9.014423076923077
,1,minc<25k,12500.0,6.009615384615385,3.0048076923076925
