zone_id,x_coord,y_coord,geometry,pop,pop_ratio_1,pop_ratio_2,pop_ratio_3,agency_id
0,-77.318352,38.860528,POINT (-77.318352 38.860528),1000,0.8,0.1,0.1,2
1,-77.322809,38.865373,POINT (-77.322809 38.865373),1500,0.6,0.3,0.1,2
2,-77.328488,38.854553,POINT (-77.328488 38.854553),1800,0.1,0.3,0.6,1
3,-77.312692,38.852136,POINT (-77.312692 38.852136),1500,0.2,0.3,0.5,1
